Summer-Rose Fleming,unimportant data,unimportant data,unimportant data,unimportant data,unimportant data,unimportant data,unimportant data,unimportant data,test
Gus,unimportant data,unimportant data,unimportant data,unimportant data,unimportant data,unimportant data,unimportant data,unimportant data,test
Eobard,unimportant data,unimportant data,unimportant data,unimportant data,unimportant data,unimportant data,unimportant data,unimportant data,test
Harry,unimportant data,unimportant data,unimportant data,unimportant data,unimportant data,unimportant data,unimportant data,unimportant data,test
Harrison,unimportant data,unimportant data,unimportant data,unimportant data,unimportant data,unimportant data,unimportant data,unimportant data,test
Billy Bob,unimportant data,unimportant data,unimportant data,unimportant data,unimportant data,unimportant data,unimportant data,unimportant data,test
Alysha Buckley,unimportant data,unimportant data,unimportant data,unimportant data,unimportant data,unimportant data,unimportant data,unimportant data,test
Ishaan Hodge,unimportant data,unimportant data,unimportant data,unimportant data,unimportant data,unimportant data,unimportant data,unimportant data,test
Paul Willis,unimportant data,unimportant data,unimportant data,unimportant data,unimportant data,unimportant data,unimportant data,unimportant data,test
Lacey-May Bean,unimportant data,unimportant data,unimportant data,unimportant data,unimportant data,unimportant data,unimportant data,unimportant data,test
Marlie Gray,unimportant data,unimportant data,unimportant data,unimportant data,unimportant data,unimportant data,unimportant data,unimportant data,test
Havin Wharton,unimportant data,unimportant data,unimportant data,unimportant data,unimportant data,unimportant data,unimportant data,unimportant data,test
Mario Kennedy,unimportant data,unimportant data,unimportant data,unimportant data,unimportant data,unimportant data,unimportant data,unimportant data,test
Lexi-Mae Lin,unimportant data,unimportant data,unimportant data,unimportant data,unimportant data,unimportant data,unimportant data,unimportant data,test
Janet Benton,unimportant data,unimportant data,unimportant data,unimportant data,unimportant data,unimportant data,unimportant data,unimportant data,test
Allana Carney,unimportant data,unimportant data,unimportant data,unimportant data,unimportant data,unimportant data,unimportant data,unimportant data,test
Ana Felix,unimportant data,unimportant data,unimportant data,unimportant data,unimportant data,unimportant data,unimportant data,unimportant data,test
Jarrad Raymond,unimportant data,unimportant data,unimportant data,unimportant data,unimportant data,unimportant data,unimportant data,unimportant data,test
Indiana Stone,unimportant data,unimportant data,unimportant data,unimportant data,unimportant data,unimportant data,unimportant data,unimportant data,test
Jaden Wilkins,unimportant data,unimportant data,unimportant data,unimportant data,unimportant data,unimportant data,unimportant data,unimportant data,test
King Dodson,unimportant data,unimportant data,unimportant data,unimportant data,unimportant data,unimportant data,unimportant data,unimportant data,test
Hareem Hackett,unimportant data,unimportant data,unimportant data,unimportant data,unimportant data,unimportant data,unimportant data,unimportant data,test
Ayoub Mccoy,unimportant data,unimportant data,unimportant data,unimportant data,unimportant data,unimportant data,unimportant data,unimportant data,test
Imaan Goff,unimportant data,unimportant data,unimportant data,unimportant data,unimportant data,unimportant data,unimportant data,unimportant data,test
Ashanti Bird,unimportant data,unimportant data,unimportant data,unimportant data,unimportant data,unimportant data,unimportant data,unimportant data,test
Gail Bostock,unimportant data,unimportant data,unimportant data,unimportant data,unimportant data,unimportant data,unimportant data,unimportant data,test
Yaqub Halliday,unimportant data,unimportant data,unimportant data,unimportant data,unimportant data,unimportant data,unimportant data,unimportant data,test
Lily-Mae Shepard,unimportant data,unimportant data,unimportant data,unimportant data,unimportant data,unimportant data,unimportant data,unimportant data,test
Emile Ferry,unimportant data,unimportant data,unimportant data,unimportant data,unimportant data,unimportant data,unimportant data,unimportant data,test
Elaine Cortes,unimportant data,unimportant data,unimportant data,unimportant data,unimportant data,unimportant data,unimportant data,unimportant data,test
Hira Slater,unimportant data,unimportant data,unimportant data,unimportant data,unimportant data,unimportant data,unimportant data,unimportant data,test
Gaia O'Connor,unimportant data,unimportant data,unimportant data,unimportant data,unimportant data,unimportant data,unimportant data,unimportant data,test
Ava-Rose Graves,unimportant data,unimportant data,unimportant data,unimportant data,unimportant data,unimportant data,unimportant data,unimportant data,test
Max Paterson,unimportant data,unimportant data,unimportant data,unimportant data,unimportant data,unimportant data,unimportant data,unimportant data,test
Lillie-Rose Henderson,unimportant data,unimportant data,unimportant data,unimportant data,unimportant data,unimportant data,unimportant data,unimportant data,test
Suraj Ahmed,unimportant data,unimportant data,unimportant data,unimportant data,unimportant data,unimportant data,unimportant data,unimportant data,test
Khushi Nava,unimportant data,unimportant data,unimportant data,unimportant data,unimportant data,unimportant data,unimportant data,unimportant data,test
Darryl Anderson,unimportant data,unimportant data,unimportant data,unimportant data,unimportant data,unimportant data,unimportant data,unimportant data,test
Leonidas Woodley,unimportant data,unimportant data,unimportant data,unimportant data,unimportant data,unimportant data,unimportant data,unimportant data,test
Karina Whitaker,unimportant data,unimportant data,unimportant data,unimportant data,unimportant data,unimportant data,unimportant data,unimportant data,test
Maira Stanton,unimportant data,unimportant data,unimportant data,unimportant data,unimportant data,unimportant data,unimportant data,unimportant data,test
Bryce Redman,unimportant data,unimportant data,unimportant data,unimportant data,unimportant data,unimportant data,unimportant data,unimportant data,test
Uma Herbert,unimportant data,unimportant data,unimportant data,unimportant data,unimportant data,unimportant data,unimportant data,unimportant data,test
Shaurya Clemons,unimportant data,unimportant data,unimportant data,unimportant data,unimportant data,unimportant data,unimportant data,unimportant data,test
Arwel Kirk,unimportant data,unimportant data,unimportant data,unimportant data,unimportant data,unimportant data,unimportant data,unimportant data,test
Sufyan Wilde,unimportant data,unimportant data,unimportant data,unimportant data,unimportant data,unimportant data,unimportant data,unimportant data,test
Emily Hughes,unimportant data,unimportant data,unimportant data,unimportant data,unimportant data,unimportant data,unimportant data,unimportant data,test
Alistair Bradford,unimportant data,unimportant data,unimportant data,unimportant data,unimportant data,unimportant data,unimportant data,unimportant data,test
Wilson Patel,unimportant data,unimportant data,unimportant data,unimportant data,unimportant data,unimportant data,unimportant data,unimportant data,test
Tatiana Herring,unimportant data,unimportant data,unimportant data,unimportant data,unimportant data,unimportant data,unimportant data,unimportant data,test
Zacharias Yates,unimportant data,unimportant data,unimportant data,unimportant data,unimportant data,unimportant data,unimportant data,unimportant data,test
Taliyah Rivers,unimportant data,unimportant data,unimportant data,unimportant data,unimportant data,unimportant data,unimportant data,unimportant data,test
Ridwan Hassan,unimportant data,unimportant data,unimportant data,unimportant data,unimportant data,unimportant data,unimportant data,unimportant data,test
Adyan Griffin,unimportant data,unimportant data,unimportant data,unimportant data,unimportant data,unimportant data,unimportant data,unimportant data,test
Woodrow Alvarado,unimportant data,unimportant data,unimportant data,unimportant data,unimportant data,unimportant data,unimportant data,unimportant data,test
Nida Jones,unimportant data,unimportant data,unimportant data,unimportant data,unimportant data,unimportant data,unimportant data,unimportant data,test
Caris Mccormick,unimportant data,unimportant data,unimportant data,unimportant data,unimportant data,unimportant data,unimportant data,unimportant data,test
Klaudia Leal,unimportant data,unimportant data,unimportant data,unimportant data,unimportant data,unimportant data,unimportant data,unimportant data,test
Cohan Haines,unimportant data,unimportant data,unimportant data,unimportant data,unimportant data,unimportant data,unimportant data,unimportant data,test
Boyd Sanchez,unimportant data,unimportant data,unimportant data,unimportant data,unimportant data,unimportant data,unimportant data,unimportant data,test
Rochelle Iles,unimportant data,unimportant data,unimportant data,unimportant data,unimportant data,unimportant data,unimportant data,unimportant data,test
Miruna Hail,unimportant data,unimportant data,unimportant data,unimportant data,unimportant data,unimportant data,unimportant data,unimportant data,test
Samuel Humphries,unimportant data,unimportant data,unimportant data,unimportant data,unimportant data,unimportant data,unimportant data,unimportant data,test
Ellie-Mai Mcdougall,unimportant data,unimportant data,unimportant data,unimportant data,unimportant data,unimportant data,unimportant data,unimportant data,test
Keane Sanford,unimportant data,unimportant data,unimportant data,unimportant data,unimportant data,unimportant data,unimportant data,unimportant data,test
Celyn Traynor,unimportant data,unimportant data,unimportant data,unimportant data,unimportant data,unimportant data,unimportant data,unimportant data,test
Tegan Beasley,unimportant data,unimportant data,unimportant data,unimportant data,unimportant data,unimportant data,unimportant data,unimportant data,test
Eira Dunn,unimportant data,unimportant data,unimportant data,unimportant data,unimportant data,unimportant data,unimportant data,unimportant data,test
Azra Hills,unimportant data,unimportant data,unimportant data,unimportant data,unimportant data,unimportant data,unimportant data,unimportant data,test
Roy Pitts,unimportant data,unimportant data,unimportant data,unimportant data,unimportant data,unimportant data,unimportant data,unimportant data,test
Jannat Lennon,unimportant data,unimportant data,unimportant data,unimportant data,unimportant data,unimportant data,unimportant data,unimportant data,test
Adina O'Sullivan,unimportant data,unimportant data,unimportant data,unimportant data,unimportant data,unimportant data,unimportant data,unimportant data,test
Jamila Battle,unimportant data,unimportant data,unimportant data,unimportant data,unimportant data,unimportant data,unimportant data,unimportant data,test
Skylar Whittington,unimportant data,unimportant data,unimportant data,unimportant data,unimportant data,unimportant data,unimportant data,unimportant data,test
Floyd Bennett,unimportant data,unimportant data,unimportant data,unimportant data,unimportant data,unimportant data,unimportant data,unimportant data,test
Alima Powers,unimportant data,unimportant data,unimportant data,unimportant data,unimportant data,unimportant data,unimportant data,unimportant data,test
Kaelan Tapia,unimportant data,unimportant data,unimportant data,unimportant data,unimportant data,unimportant data,unimportant data,unimportant data,test
Keri Marquez,unimportant data,unimportant data,unimportant data,unimportant data,unimportant data,unimportant data,unimportant data,unimportant data,test
Dalia Lindsey,unimportant data,unimportant data,unimportant data,unimportant data,unimportant data,unimportant data,unimportant data,unimportant data,test
Mysha Valencia,unimportant data,unimportant data,unimportant data,unimportant data,unimportant data,unimportant data,unimportant data,unimportant data,test
Christopher Bevan,unimportant data,unimportant data,unimportant data,unimportant data,unimportant data,unimportant data,unimportant data,unimportant data,test
Henrietta Dalton,unimportant data,unimportant data,unimportant data,unimportant data,unimportant data,unimportant data,unimportant data,unimportant data,test
Ammar Farrell,unimportant data,unimportant data,unimportant data,unimportant data,unimportant data,unimportant data,unimportant data,unimportant data,test
Giselle Dickens,unimportant data,unimportant data,unimportant data,unimportant data,unimportant data,unimportant data,unimportant data,unimportant data,test
Mina Castaneda,unimportant data,unimportant data,unimportant data,unimportant data,unimportant data,unimportant data,unimportant data,unimportant data,test
Roosevelt Justice,unimportant data,unimportant data,unimportant data,unimportant data,unimportant data,unimportant data,unimportant data,unimportant data,test
Miley Rowe,unimportant data,unimportant data,unimportant data,unimportant data,unimportant data,unimportant data,unimportant data,unimportant data,test
Sahra Mckenzie,unimportant data,unimportant data,unimportant data,unimportant data,unimportant data,unimportant data,unimportant data,unimportant data,test
Tomi Cowan,unimportant data,unimportant data,unimportant data,unimportant data,unimportant data,unimportant data,unimportant data,unimportant data,test
Ayyub Montoya,unimportant data,unimportant data,unimportant data,unimportant data,unimportant data,unimportant data,unimportant data,unimportant data,test
Oscar Hull,unimportant data,unimportant data,unimportant data,unimportant data,unimportant data,unimportant data,unimportant data,unimportant data,test
Oskar Simons,unimportant data,unimportant data,unimportant data,unimportant data,unimportant data,unimportant data,unimportant data,unimportant data,test
Veronika Vinson,unimportant data,unimportant data,unimportant data,unimportant data,unimportant data,unimportant data,unimportant data,unimportant data,test
Rebeca Lister,unimportant data,unimportant data,unimportant data,unimportant data,unimportant data,unimportant data,unimportant data,unimportant data,test
Lacey Rutledge,unimportant data,unimportant data,unimportant data,unimportant data,unimportant data,unimportant data,unimportant data,unimportant data,test
Kalvin Whitmore,unimportant data,unimportant data,unimportant data,unimportant data,unimportant data,unimportant data,unimportant data,unimportant data,test
Rick Fulton,unimportant data,unimportant data,unimportant data,unimportant data,unimportant data,unimportant data,unimportant data,unimportant data,test
Kiyan Dotson,unimportant data,unimportant data,unimportant data,unimportant data,unimportant data,unimportant data,unimportant data,unimportant data,test
Fredrick Cunningham,unimportant data,unimportant data,unimportant data,unimportant data,unimportant data,unimportant data,unimportant data,unimportant data,test
Khaleesi Fritz,unimportant data,unimportant data,unimportant data,unimportant data,unimportant data,unimportant data,unimportant data,unimportant data,test
Jordan-Lee Macias,unimportant data,unimportant data,unimportant data,unimportant data,unimportant data,unimportant data,unimportant data,unimportant data,test
Anais Lee,unimportant data,unimportant data,unimportant data,unimportant data,unimportant data,unimportant data,unimportant data,unimportant data,test
Autumn Becker,unimportant data,unimportant data,unimportant data,unimportant data,unimportant data,unimportant data,unimportant data,unimportant data,test
Hussein Prosser,unimportant data,unimportant data,unimportant data,unimportant data,unimportant data,unimportant data,unimportant data,unimportant data,test
Leena Beck,unimportant data,unimportant data,unimportant data,unimportant data,unimportant data,unimportant data,unimportant data,unimportant data,test
Tyler,unimportant data,unimportant data,unimportant data,unimportant data,unimportant data,unimportant data,unimportant data,unimportant data,test
Kristin Mendoza,unimportant data,unimportant data,unimportant data,unimportant data,unimportant data,unimportant data,unimportant data,unimportant data,test
Oriana Chambers,unimportant data,unimportant data,unimportant data,unimportant data,unimportant data,unimportant data,unimportant data,unimportant data,test
Taliyah Villanueva,unimportant data,unimportant data,unimportant data,unimportant data,unimportant data,unimportant data,unimportant data,unimportant data,test
Aniela Frye,unimportant data,unimportant data,unimportant data,unimportant data,unimportant data,unimportant data,unimportant data,unimportant data,test
Raja Jacobson,unimportant data,unimportant data,unimportant data,unimportant data,unimportant data,unimportant data,unimportant data,unimportant data,test
Asiya Millar,unimportant data,unimportant data,unimportant data,unimportant data,unimportant data,unimportant data,unimportant data,unimportant data,test
Tayyib Villarreal,unimportant data,unimportant data,unimportant data,unimportant data,unimportant data,unimportant data,unimportant data,unimportant data,test
Anoushka Shepherd,unimportant data,unimportant data,unimportant data,unimportant data,unimportant data,unimportant data,unimportant data,unimportant data,test
Musab Leon,unimportant data,unimportant data,unimportant data,unimportant data,unimportant data,unimportant data,unimportant data,unimportant data,test
Brian Carey,unimportant data,unimportant data,unimportant data,unimportant data,unimportant data,unimportant data,unimportant data,unimportant data,test
Shana Morrow,unimportant data,unimportant data,unimportant data,unimportant data,unimportant data,unimportant data,unimportant data,unimportant data,test
Javan Frazier,unimportant data,unimportant data,unimportant data,unimportant data,unimportant data,unimportant data,unimportant data,unimportant data,test
Lilith Boone,unimportant data,unimportant data,unimportant data,unimportant data,unimportant data,unimportant data,unimportant data,unimportant data,test
Cherie Rodgers,unimportant data,unimportant data,unimportant data,unimportant data,unimportant data,unimportant data,unimportant data,unimportant data,test
Kole Humphrey,unimportant data,unimportant data,unimportant data,unimportant data,unimportant data,unimportant data,unimportant data,unimportant data,test
Ziva Sykes,unimportant data,unimportant data,unimportant data,unimportant data,unimportant data,unimportant data,unimportant data,unimportant data,test
Koa Millington,unimportant data,unimportant data,unimportant data,unimportant data,unimportant data,unimportant data,unimportant data,unimportant data,test
Jorgie Cuevas,unimportant data,unimportant data,unimportant data,unimportant data,unimportant data,unimportant data,unimportant data,unimportant data,test
Wilfred Zamora,unimportant data,unimportant data,unimportant data,unimportant data,unimportant data,unimportant data,unimportant data,unimportant data,test
Saqlain Bowen,unimportant data,unimportant data,unimportant data,unimportant data,unimportant data,unimportant data,unimportant data,unimportant data,test
Siya Tierney,unimportant data,unimportant data,unimportant data,unimportant data,unimportant data,unimportant data,unimportant data,unimportant data,test
Shola Gilmore,unimportant data,unimportant data,unimportant data,unimportant data,unimportant data,unimportant data,unimportant data,unimportant data,test
Mae Buckley,unimportant data,unimportant data,unimportant data,unimportant data,unimportant data,unimportant data,unimportant data,unimportant data,test
Garrett Mueller,unimportant data,unimportant data,unimportant data,unimportant data,unimportant data,unimportant data,unimportant data,unimportant data,test
Nadine Lees,unimportant data,unimportant data,unimportant data,unimportant data,unimportant data,unimportant data,unimportant data,unimportant data,test
Liberty Mcmanus,unimportant data,unimportant data,unimportant data,unimportant data,unimportant data,unimportant data,unimportant data,unimportant data,test
Dylon York,unimportant data,unimportant data,unimportant data,unimportant data,unimportant data,unimportant data,unimportant data,unimportant data,test
Lexi-Mai Drummond,unimportant data,unimportant data,unimportant data,unimportant data,unimportant data,unimportant data,unimportant data,unimportant data,test
Iona Puckett,unimportant data,unimportant data,unimportant data,unimportant data,unimportant data,unimportant data,unimportant data,unimportant data,test
Brady Oneil,unimportant data,unimportant data,unimportant data,unimportant data,unimportant data,unimportant data,unimportant data,unimportant data,test
Kiara Boyer,unimportant data,unimportant data,unimportant data,unimportant data,unimportant data,unimportant data,unimportant data,unimportant data,test
Rupert Paine,unimportant data,unimportant data,unimportant data,unimportant data,unimportant data,unimportant data,unimportant data,unimportant data,test
Jody Mullen,unimportant data,unimportant data,unimportant data,unimportant data,unimportant data,unimportant data,unimportant data,unimportant data,test
Tahmina Bone,unimportant data,unimportant data,unimportant data,unimportant data,unimportant data,unimportant data,unimportant data,unimportant data,test
Katerina Tapia,unimportant data,unimportant data,unimportant data,unimportant data,unimportant data,unimportant data,unimportant data,unimportant data,test
T-Jay Amos,unimportant data,unimportant data,unimportant data,unimportant data,unimportant data,unimportant data,unimportant data,unimportant data,test
Renesmae Ingram,unimportant data,unimportant data,unimportant data,unimportant data,unimportant data,unimportant data,unimportant data,unimportant data,test
Eddie Beattie,unimportant data,unimportant data,unimportant data,unimportant data,unimportant data,unimportant data,unimportant data,unimportant data,test
Viktoria Schmitt,unimportant data,unimportant data,unimportant data,unimportant data,unimportant data,unimportant data,unimportant data,unimportant data,test
Noel Ratliff,unimportant data,unimportant data,unimportant data,unimportant data,unimportant data,unimportant data,unimportant data,unimportant data,test
Sean Reese,unimportant data,unimportant data,unimportant data,unimportant data,unimportant data,unimportant data,unimportant data,unimportant data,test
Farrah Mackie,unimportant data,unimportant data,unimportant data,unimportant data,unimportant data,unimportant data,unimportant data,unimportant data,test
Betsy Brown,unimportant data,unimportant data,unimportant data,unimportant data,unimportant data,unimportant data,unimportant data,unimportant data,test
Scarlett Hibbert,unimportant data,unimportant data,unimportant data,unimportant data,unimportant data,unimportant data,unimportant data,unimportant data,test
Larissa Frame,unimportant data,unimportant data,unimportant data,unimportant data,unimportant data,unimportant data,unimportant data,unimportant data,test
Annaliese Wickens,unimportant data,unimportant data,unimportant data,unimportant data,unimportant data,unimportant data,unimportant data,unimportant data,test
Shiv Santiago,unimportant data,unimportant data,unimportant data,unimportant data,unimportant data,unimportant data,unimportant data,unimportant data,test
Franklyn Estrada,unimportant data,unimportant data,unimportant data,unimportant data,unimportant data,unimportant data,unimportant data,unimportant data,test
Aras Burrows,unimportant data,unimportant data,unimportant data,unimportant data,unimportant data,unimportant data,unimportant data,unimportant data,test
Theodor Milne,unimportant data,unimportant data,unimportant data,unimportant data,unimportant data,unimportant data,unimportant data,unimportant data,test
Evelina Escobar,unimportant data,unimportant data,unimportant data,unimportant data,unimportant data,unimportant data,unimportant data,unimportant data,test
Shabaz Little,unimportant data,unimportant data,unimportant data,unimportant data,unimportant data,unimportant data,unimportant data,unimportant data,test
Antonio Alcock,unimportant data,unimportant data,unimportant data,unimportant data,unimportant data,unimportant data,unimportant data,unimportant data,test
Amelia-Grace Bain,unimportant data,unimportant data,unimportant data,unimportant data,unimportant data,unimportant data,unimportant data,unimportant data,test
Teddy Dawson,unimportant data,unimportant data,unimportant data,unimportant data,unimportant data,unimportant data,unimportant data,unimportant data,test
Emily-Jane Farrington,unimportant data,unimportant data,unimportant data,unimportant data,unimportant data,unimportant data,unimportant data,unimportant data,test
Danyaal Shah,unimportant data,unimportant data,unimportant data,unimportant data,unimportant data,unimportant data,unimportant data,unimportant data,test
Bobbi Enriquez,unimportant data,unimportant data,unimportant data,unimportant data,unimportant data,unimportant data,unimportant data,unimportant data,test
Zahra Woods,unimportant data,unimportant data,unimportant data,unimportant data,unimportant data,unimportant data,unimportant data,unimportant data,test
Acacia Ross,unimportant data,unimportant data,unimportant data,unimportant data,unimportant data,unimportant data,unimportant data,unimportant data,test
Tomasz Daly,unimportant data,unimportant data,unimportant data,unimportant data,unimportant data,unimportant data,unimportant data,unimportant data,test
Deanne Forbes,unimportant data,unimportant data,unimportant data,unimportant data,unimportant data,unimportant data,unimportant data,unimportant data,test
Tyler-James Powers,unimportant data,unimportant data,unimportant data,unimportant data,unimportant data,unimportant data,unimportant data,unimportant data,test
Alisa Trejo,unimportant data,unimportant data,unimportant data,unimportant data,unimportant data,unimportant data,unimportant data,unimportant data,test
Heidi Barton,unimportant data,unimportant data,unimportant data,unimportant data,unimportant data,unimportant data,unimportant data,unimportant data,test
Jaxon Holden,unimportant data,unimportant data,unimportant data,unimportant data,unimportant data,unimportant data,unimportant data,unimportant data,test
Anabel Sullivan,unimportant data,unimportant data,unimportant data,unimportant data,unimportant data,unimportant data,unimportant data,unimportant data,test
Keir Ryan,unimportant data,unimportant data,unimportant data,unimportant data,unimportant data,unimportant data,unimportant data,unimportant data,test
Alan Hopkins,unimportant data,unimportant data,unimportant data,unimportant data,unimportant data,unimportant data,unimportant data,unimportant data,test
Rafe Gough,unimportant data,unimportant data,unimportant data,unimportant data,unimportant data,unimportant data,unimportant data,unimportant data,test
Evelyn Raymond,unimportant data,unimportant data,unimportant data,unimportant data,unimportant data,unimportant data,unimportant data,unimportant data,test
Mateusz Steele,unimportant data,unimportant data,unimportant data,unimportant data,unimportant data,unimportant data,unimportant data,unimportant data,test
Daanyaal Walters,unimportant data,unimportant data,unimportant data,unimportant data,unimportant data,unimportant data,unimportant data,unimportant data,test
Habiba Andersen,unimportant data,unimportant data,unimportant data,unimportant data,unimportant data,unimportant data,unimportant data,unimportant data,test
Andreas Mercer,unimportant data,unimportant data,unimportant data,unimportant data,unimportant data,unimportant data,unimportant data,unimportant data,test
Matteo Mohamed,unimportant data,unimportant data,unimportant data,unimportant data,unimportant data,unimportant data,unimportant data,unimportant data,test
Sanjeev Bean,unimportant data,unimportant data,unimportant data,unimportant data,unimportant data,unimportant data,unimportant data,unimportant data,test
Amy-Louise Mcloughlin,unimportant data,unimportant data,unimportant data,unimportant data,unimportant data,unimportant data,unimportant data,unimportant data,test
Dion Carty,unimportant data,unimportant data,unimportant data,unimportant data,unimportant data,unimportant data,unimportant data,unimportant data,test
Aiysha Mckinney,unimportant data,unimportant data,unimportant data,unimportant data,unimportant data,unimportant data,unimportant data,unimportant data,test
Mylee Pearson,unimportant data,unimportant data,unimportant data,unimportant data,unimportant data,unimportant data,unimportant data,unimportant data,test
Arnold Hill,unimportant data,unimportant data,unimportant data,unimportant data,unimportant data,unimportant data,unimportant data,unimportant data,test
Tevin Parsons,unimportant data,unimportant data,unimportant data,unimportant data,unimportant data,unimportant data,unimportant data,unimportant data,test
Isla-Rae Cohen,unimportant data,unimportant data,unimportant data,unimportant data,unimportant data,unimportant data,unimportant data,unimportant data,test
Said Ali,unimportant data,unimportant data,unimportant data,unimportant data,unimportant data,unimportant data,unimportant data,unimportant data,test
Jakob Rodriguez,unimportant data,unimportant data,unimportant data,unimportant data,unimportant data,unimportant data,unimportant data,unimportant data,test
Pablo Cannon,unimportant data,unimportant data,unimportant data,unimportant data,unimportant data,unimportant data,unimportant data,unimportant data,test
Holli Pineda,unimportant data,unimportant data,unimportant data,unimportant data,unimportant data,unimportant data,unimportant data,unimportant data,test
Cecilia Mason,unimportant data,unimportant data,unimportant data,unimportant data,unimportant data,unimportant data,unimportant data,unimportant data,test
Mariya Hammond,unimportant data,unimportant data,unimportant data,unimportant data,unimportant data,unimportant data,unimportant data,unimportant data,test
Wayne Hills,unimportant data,unimportant data,unimportant data,unimportant data,unimportant data,unimportant data,unimportant data,unimportant data,test
Eshal Porter,unimportant data,unimportant data,unimportant data,unimportant data,unimportant data,unimportant data,unimportant data,unimportant data,test
Kimora Salgado,unimportant data,unimportant data,unimportant data,unimportant data,unimportant data,unimportant data,unimportant data,unimportant data,test
Zaki Castro,unimportant data,unimportant data,unimportant data,unimportant data,unimportant data,unimportant data,unimportant data,unimportant data,test
Jannat Wolf,unimportant data,unimportant data,unimportant data,unimportant data,unimportant data,unimportant data,unimportant data,unimportant data,test
Freya Stone,unimportant data,unimportant data,unimportant data,unimportant data,unimportant data,unimportant data,unimportant data,unimportant data,test
Roger Odom,unimportant data,unimportant data,unimportant data,unimportant data,unimportant data,unimportant data,unimportant data,unimportant data,test
Ellie-May Duran,unimportant data,unimportant data,unimportant data,unimportant data,unimportant data,unimportant data,unimportant data,unimportant data,test
Ottilie Morris,unimportant data,unimportant data,unimportant data,unimportant data,unimportant data,unimportant data,unimportant data,unimportant data,test
Tyler,unimportant data,unimportant data,unimportant data,unimportant data,unimportant data,unimportant data,unimportant data,unimportant data,test
Random Names,unimportant data,unimportant data,unimportant data,unimportant data,unimportant data,unimportant data,unimportant data,unimportant data,test
Kyron Colon,unimportant data,unimportant data,unimportant data,unimportant data,unimportant data,unimportant data,unimportant data,unimportant data,test
Willie Hess,unimportant data,unimportant data,unimportant data,unimportant data,unimportant data,unimportant data,unimportant data,unimportant data,test
Dakota Hunter,unimportant data,unimportant data,unimportant data,unimportant data,unimportant data,unimportant data,unimportant data,unimportant data,test
Kinga Nguyen,unimportant data,unimportant data,unimportant data,unimportant data,unimportant data,unimportant data,unimportant data,unimportant data,test
Fateh Ryder,unimportant data,unimportant data,unimportant data,unimportant data,unimportant data,unimportant data,unimportant data,unimportant data,test
Muneeb Trevino,unimportant data,unimportant data,unimportant data,unimportant data,unimportant data,unimportant data,unimportant data,unimportant data,test
Reese Newman,unimportant data,unimportant data,unimportant data,unimportant data,unimportant data,unimportant data,unimportant data,unimportant data,test
Zack Davidson,unimportant data,unimportant data,unimportant data,unimportant data,unimportant data,unimportant data,unimportant data,unimportant data,test
T-Jay Rojas,unimportant data,unimportant data,unimportant data,unimportant data,unimportant data,unimportant data,unimportant data,unimportant data,test
Kaiser Powell,unimportant data,unimportant data,unimportant data,unimportant data,unimportant data,unimportant data,unimportant data,unimportant data,test
Chantal Naylor,unimportant data,unimportant data,unimportant data,unimportant data,unimportant data,unimportant data,unimportant data,unimportant data,test
Jake Harmon,unimportant data,unimportant data,unimportant data,unimportant data,unimportant data,unimportant data,unimportant data,unimportant data,test
Emir Emery,unimportant data,unimportant data,unimportant data,unimportant data,unimportant data,unimportant data,unimportant data,unimportant data,test
Janelle Galindo,unimportant data,unimportant data,unimportant data,unimportant data,unimportant data,unimportant data,unimportant data,unimportant data,test
Kajus Barnett,unimportant data,unimportant data,unimportant data,unimportant data,unimportant data,unimportant data,unimportant data,unimportant data,test
Andre Haney,unimportant data,unimportant data,unimportant data,unimportant data,unimportant data,unimportant data,unimportant data,unimportant data,test
Cherry Rangel,unimportant data,unimportant data,unimportant data,unimportant data,unimportant data,unimportant data,unimportant data,unimportant data,test
Freja Ferrell,unimportant data,unimportant data,unimportant data,unimportant data,unimportant data,unimportant data,unimportant data,unimportant data,test
Ismael Appleton,unimportant data,unimportant data,unimportant data,unimportant data,unimportant data,unimportant data,unimportant data,unimportant data,test
Tasnia Butt,unimportant data,unimportant data,unimportant data,unimportant data,unimportant data,unimportant data,unimportant data,unimportant data,test
Aleksander Prince,unimportant data,unimportant data,unimportant data,unimportant data,unimportant data,unimportant data,unimportant data,unimportant data,test
Abdi Mosley,unimportant data,unimportant data,unimportant data,unimportant data,unimportant data,unimportant data,unimportant data,unimportant data,test
Hibah Lloyd,unimportant data,unimportant data,unimportant data,unimportant data,unimportant data,unimportant data,unimportant data,unimportant data,test
Charlton Potter,unimportant data,unimportant data,unimportant data,unimportant data,unimportant data,unimportant data,unimportant data,unimportant data,test
Esme Gardner,unimportant data,unimportant data,unimportant data,unimportant data,unimportant data,unimportant data,unimportant data,unimportant data,test
India Phelps,unimportant data,unimportant data,unimportant data,unimportant data,unimportant data,unimportant data,unimportant data,unimportant data,test
Mirza Kidd,unimportant data,unimportant data,unimportant data,unimportant data,unimportant data,unimportant data,unimportant data,unimportant data,test
Cosmo Delaney,unimportant data,unimportant data,unimportant data,unimportant data,unimportant data,unimportant data,unimportant data,unimportant data,test
Aayat Hall,unimportant data,unimportant data,unimportant data,unimportant data,unimportant data,unimportant data,unimportant data,unimportant data,test
Iram Parks,unimportant data,unimportant data,unimportant data,unimportant data,unimportant data,unimportant data,unimportant data,unimportant data,test
Calum Pemberton,unimportant data,unimportant data,unimportant data,unimportant data,unimportant data,unimportant data,unimportant data,unimportant data,test
Elodie Pham,unimportant data,unimportant data,unimportant data,unimportant data,unimportant data,unimportant data,unimportant data,unimportant data,test
Carolyn Perry,unimportant data,unimportant data,unimportant data,unimportant data,unimportant data,unimportant data,unimportant data,unimportant data,test
Fraser Finley,unimportant data,unimportant data,unimportant data,unimportant data,unimportant data,unimportant data,unimportant data,unimportant data,test
Jordana Hahn,unimportant data,unimportant data,unimportant data,unimportant data,unimportant data,unimportant data,unimportant data,unimportant data,test
Nelson Howells,unimportant data,unimportant data,unimportant data,unimportant data,unimportant data,unimportant data,unimportant data,unimportant data,test
Ferne Rocha,unimportant data,unimportant data,unimportant data,unimportant data,unimportant data,unimportant data,unimportant data,unimportant data,test
Shiv Holcomb,unimportant data,unimportant data,unimportant data,unimportant data,unimportant data,unimportant data,unimportant data,unimportant data,test
Haider Redmond,unimportant data,unimportant data,unimportant data,unimportant data,unimportant data,unimportant data,unimportant data,unimportant data,test
Leland Eaton,unimportant data,unimportant data,unimportant data,unimportant data,unimportant data,unimportant data,unimportant data,unimportant data,test
Elara Yates,unimportant data,unimportant data,unimportant data,unimportant data,unimportant data,unimportant data,unimportant data,unimportant data,test
Oskar Rayner,unimportant data,unimportant data,unimportant data,unimportant data,unimportant data,unimportant data,unimportant data,unimportant data,test
Kristofer Peck,unimportant data,unimportant data,unimportant data,unimportant data,unimportant data,unimportant data,unimportant data,unimportant data,test
Cobie Santana,unimportant data,unimportant data,unimportant data,unimportant data,unimportant data,unimportant data,unimportant data,unimportant data,test
Clement Dunlap,unimportant data,unimportant data,unimportant data,unimportant data,unimportant data,unimportant data,unimportant data,unimportant data,test
Ed Vickers,unimportant data,unimportant data,unimportant data,unimportant data,unimportant data,unimportant data,unimportant data,unimportant data,test
Breanna Hale,unimportant data,unimportant data,unimportant data,unimportant data,unimportant data,unimportant data,unimportant data,unimportant data,test
Ayah Avalos,unimportant data,unimportant data,unimportant data,unimportant data,unimportant data,unimportant data,unimportant data,unimportant data,test
Abdur Rooney,unimportant data,unimportant data,unimportant data,unimportant data,unimportant data,unimportant data,unimportant data,unimportant data,test
Ted Robin,unimportant data,unimportant data,unimportant data,unimportant data,unimportant data,unimportant data,unimportant data,unimportant data,test
Alishba Steele,unimportant data,unimportant data,unimportant data,unimportant data,unimportant data,unimportant data,unimportant data,unimportant data,test
Tadhg Nichols,unimportant data,unimportant data,unimportant data,unimportant data,unimportant data,unimportant data,unimportant data,unimportant data,test
Summer Cotton,unimportant data,unimportant data,unimportant data,unimportant data,unimportant data,unimportant data,unimportant data,unimportant data,test
Aaryan Marshall,unimportant data,unimportant data,unimportant data,unimportant data,unimportant data,unimportant data,unimportant data,unimportant data,test
Che Nolan,unimportant data,unimportant data,unimportant data,unimportant data,unimportant data,unimportant data,unimportant data,unimportant data,test
Darsh Parrish,unimportant data,unimportant data,unimportant data,unimportant data,unimportant data,unimportant data,unimportant data,unimportant data,test
Francis Campos,unimportant data,unimportant data,unimportant data,unimportant data,unimportant data,unimportant data,unimportant data,unimportant data,test
Rudy Hoffman,unimportant data,unimportant data,unimportant data,unimportant data,unimportant data,unimportant data,unimportant data,unimportant data,test
Taliyah Petersen,unimportant data,unimportant data,unimportant data,unimportant data,unimportant data,unimportant data,unimportant data,unimportant data,test
Camille Logan,unimportant data,unimportant data,unimportant data,unimportant data,unimportant data,unimportant data,unimportant data,unimportant data,test
Anabia Travers,unimportant data,unimportant data,unimportant data,unimportant data,unimportant data,unimportant data,unimportant data,unimportant data,test
Gene Graham,unimportant data,unimportant data,unimportant data,unimportant data,unimportant data,unimportant data,unimportant data,unimportant data,test
Aila Middleton,unimportant data,unimportant data,unimportant data,unimportant data,unimportant data,unimportant data,unimportant data,unimportant data,test
Wiktor Bird,unimportant data,unimportant data,unimportant data,unimportant data,unimportant data,unimportant data,unimportant data,unimportant data,test
Raiden Hancock,unimportant data,unimportant data,unimportant data,unimportant data,unimportant data,unimportant data,unimportant data,unimportant data,test
Yasin Mcfarland,unimportant data,unimportant data,unimportant data,unimportant data,unimportant data,unimportant data,unimportant data,unimportant data,test
Simona Edwards,unimportant data,unimportant data,unimportant data,unimportant data,unimportant data,unimportant data,unimportant data,unimportant data,test
Riyad Oneal,unimportant data,unimportant data,unimportant data,unimportant data,unimportant data,unimportant data,unimportant data,unimportant data,test
Desiree Whitfield,unimportant data,unimportant data,unimportant data,unimportant data,unimportant data,unimportant data,unimportant data,unimportant data,test
Komal Oakley,unimportant data,unimportant data,unimportant data,unimportant data,unimportant data,unimportant data,unimportant data,unimportant data,test
Estelle Schroeder,unimportant data,unimportant data,unimportant data,unimportant data,unimportant data,unimportant data,unimportant data,unimportant data,test
Maurice Lutz,unimportant data,unimportant data,unimportant data,unimportant data,unimportant data,unimportant data,unimportant data,unimportant data,test
Macsen Love,unimportant data,unimportant data,unimportant data,unimportant data,unimportant data,unimportant data,unimportant data,unimportant data,test
Jobe Leonard,unimportant data,unimportant data,unimportant data,unimportant data,unimportant data,unimportant data,unimportant data,unimportant data,test
Cordelia Howe,unimportant data,unimportant data,unimportant data,unimportant data,unimportant data,unimportant data,unimportant data,unimportant data,test
Ezra Sinclair,unimportant data,unimportant data,unimportant data,unimportant data,unimportant data,unimportant data,unimportant data,unimportant data,test
Haydon Dodson,unimportant data,unimportant data,unimportant data,unimportant data,unimportant data,unimportant data,unimportant data,unimportant data,test
Amrita Perez,unimportant data,unimportant data,unimportant data,unimportant data,unimportant data,unimportant data,unimportant data,unimportant data,test
Miriam Healy,unimportant data,unimportant data,unimportant data,unimportant data,unimportant data,unimportant data,unimportant data,unimportant data,test
Skye Koch,unimportant data,unimportant data,unimportant data,unimportant data,unimportant data,unimportant data,unimportant data,unimportant data,test
Daniele Day,unimportant data,unimportant data,unimportant data,unimportant data,unimportant data,unimportant data,unimportant data,unimportant data,test
Pawel Cassidy,unimportant data,unimportant data,unimportant data,unimportant data,unimportant data,unimportant data,unimportant data,unimportant data,test
Austin Cope,unimportant data,unimportant data,unimportant data,unimportant data,unimportant data,unimportant data,unimportant data,unimportant data,test
Rimsha Frye,unimportant data,unimportant data,unimportant data,unimportant data,unimportant data,unimportant data,unimportant data,unimportant data,test
Aarav England,unimportant data,unimportant data,unimportant data,unimportant data,unimportant data,unimportant data,unimportant data,unimportant data,test
Hakim Cornish,unimportant data,unimportant data,unimportant data,unimportant data,unimportant data,unimportant data,unimportant data,unimportant data,test
Federico Frey,unimportant data,unimportant data,unimportant data,unimportant data,unimportant data,unimportant data,unimportant data,unimportant data,test
Natalya Berger,unimportant data,unimportant data,unimportant data,unimportant data,unimportant data,unimportant data,unimportant data,unimportant data,test
Mohsin Williamson,unimportant data,unimportant data,unimportant data,unimportant data,unimportant data,unimportant data,unimportant data,unimportant data,test
June Mcbride,unimportant data,unimportant data,unimportant data,unimportant data,unimportant data,unimportant data,unimportant data,unimportant data,test
Eddie Zavala,unimportant data,unimportant data,unimportant data,unimportant data,unimportant data,unimportant data,unimportant data,unimportant data,test
Tahlia Terry,unimportant data,unimportant data,unimportant data,unimportant data,unimportant data,unimportant data,unimportant data,unimportant data,test
Mehreen Strong,unimportant data,unimportant data,unimportant data,unimportant data,unimportant data,unimportant data,unimportant data,unimportant data,test
Pierce Erickson,unimportant data,unimportant data,unimportant data,unimportant data,unimportant data,unimportant data,unimportant data,unimportant data,test
Adeline Henry,unimportant data,unimportant data,unimportant data,unimportant data,unimportant data,unimportant data,unimportant data,unimportant data,test
Tom Dotson,unimportant data,unimportant data,unimportant data,unimportant data,unimportant data,unimportant data,unimportant data,unimportant data,test
Enya Young,unimportant data,unimportant data,unimportant data,unimportant data,unimportant data,unimportant data,unimportant data,unimportant data,test
Oluwatobiloba Fisher,unimportant data,unimportant data,unimportant data,unimportant data,unimportant data,unimportant data,unimportant data,unimportant data,test
Ariah Lennon,unimportant data,unimportant data,unimportant data,unimportant data,unimportant data,unimportant data,unimportant data,unimportant data,test
Savannah Christie,unimportant data,unimportant data,unimportant data,unimportant data,unimportant data,unimportant data,unimportant data,unimportant data,test
Tyler,unimportant data,unimportant data,unimportant data,unimportant data,unimportant data,unimportant data,unimportant data,unimportant data,test
Tyler,unimportant data,unimportant data,unimportant data,unimportant data,unimportant data,unimportant data,unimportant data,unimportant data,test
Tyler,unimportant data,unimportant data,unimportant data,unimportant data,unimportant data,unimportant data,unimportant data,unimportant data,test
Tyler,unimportant data,unimportant data,unimportant data,unimportant data,unimportant data,unimportant data,unimportant data,unimportant data,test
Tyler,unimportant data,unimportant data,unimportant data,unimportant data,unimportant data,unimportant data,unimportant data,unimportant data,test
Tyler,unimportant data,unimportant data,unimportant data,unimportant data,unimportant data,unimportant data,unimportant data,unimportant data,test
Tyler,unimportant data,unimportant data,unimportant data,unimportant data,unimportant data,unimportant data,unimportant data,unimportant data,test
Tyler,unimportant data,unimportant data,unimportant data,unimportant data,unimportant data,unimportant data,unimportant data,unimportant data,test
Tyler,unimportant data,unimportant data,unimportant data,unimportant data,unimportant data,unimportant data,unimportant data,unimportant data,test
Tyler,unimportant data,unimportant data,unimportant data,unimportant data,unimportant data,unimportant data,unimportant data,unimportant data,test
Tyler,unimportant data,unimportant data,unimportant data,unimportant data,unimportant data,unimportant data,unimportant data,unimportant data,test
Tyler,unimportant data,unimportant data,unimportant data,unimportant data,unimportant data,unimportant data,unimportant data,unimportant data,test
Tyler,unimportant data,unimportant data,unimportant data,unimportant data,unimportant data,unimportant data,unimportant data,unimportant data,test